任务名称,工期,计划开始时间,计划完成时间,实际开始时间,实际完成时间,资源名称
veAI写作助手项目,3 工作日,2025/12/26,2025/12/28,2025/12/26,2025/12/28,XXX
项目准备阶段,0.5 工作日,2025/12/26,2025/12/26,2025/12/26,2025/12/26,XXX
  搭建配置库，分配权限,0.2 工作日,2025/12/26,2025/12/26,2025/12/26,2025/12/26,XXX
  编写并提交项目日程计划,0.2 工作日,2025/12/26,2025/12/26,2025/12/26,2025/12/26,XXX
  编写并提交需求跟踪矩阵,0.1 工作日,2025/12/26,2025/12/26,2025/12/26,2025/12/26,XXX
需求调查和分析,1 工作日,2025/12/26,2025/12/27,2025/12/26,2025/12/27,XXX
  用户管理与密钥管理需求,0.3 工作日,2025/12/26,2025/12/26,2025/12/26,2025/12/26,XXX
  AI交互与文档编辑需求,0.3 工作日,2025/12/26,2025/12/26,2025/12/26,2025/12/26,XXX
  需求分析外部评审,0.2 工作日,2025/12/27,2025/12/27,2025/12/27,2025/12/27,XXX
  评审问题纠正,0.2 工作日,2025/12/27,2025/12/27,2025/12/27,2025/12/27,各项目组成员
概要设计,0.5 工作日,2025/12/27,2025/12/28,2025/12/27,2025/12/28,XXX
  体系结构与技术架构设计,0.2 工作日,2025/12/27,2025/12/27,2025/12/27,2025/12/27,XXX
  数据库与接口设计,0.2 工作日,2025/12/28,2025/12/28,2025/12/28,2025/12/28,XXX
  概要设计评审,0.1 工作日,2025/12/28,2025/12/28,2025/12/28,2025/12/28,XXX
详细设计,1 工作日,2025/12/28,2025/12/28,2025/12/28,2025/12/28,XXX
  认证授权与用户设置模块设计,0.2 工作日,2025/12/28,2025/12/28,2025/12/28,2025/12/28,XXX
  登录注册功能设计,0.2 工作日,2025/12/28,2025/12/28,2025/12/28,2025/12/28,XXX
  API密钥管理功能设计,0.1 工作日,2025/12/28,2025/12/28,2025/12/28,2025/12/28,XXX
  AI服务与文档管理模块设计,0.2 工作日,2025/12/28,2025/12/28,2025/12/28,2025/12/28,XXX
  智能对话与润色功能设计,0.2 工作日,2025/12/28,2025/12/28,2025/12/28,2025/12/28,XXX
  文档编辑与保存功能设计,0.1 工作日,2025/12/28,2025/12/28,2025/12/28,2025/12/28,XXX
